{"cameraMode":{"drawMode":0,"name":"Shaded","section":"Shading Mode"},"sceneLighting":true,"audioPlay":false,"sceneViewState":{"showFog":true,"showMaterialUpdate":false,"showSkybox":false,"showFlares":true,"showImageEffects":true,"showParticleSystems":true},"in2DMode":false,"pivot":{"x":-0.01000213623046875,"y":5.234001159667969,"z":0.0},"rotation":{"x":0.002688396256417036,"y":-0.03839343413710594,"z":-0.00010353125253459439,"w":-0.9992605447769165},"size":200.05186462402345,"orthographic":false}