{"cameraMode":{"drawMode":0,"name":"Shaded","section":"Shading Mode"},"sceneLighting":true,"audioPlay":false,"sceneViewState":{"showFog":true,"showMaterialUpdate":false,"showSkybox":true,"showFlares":true,"showImageEffects":true,"showParticleSystems":true},"in2DMode":false,"pivot":{"x":-2.7572317123413088,"y":12.799251556396485,"z":0.9469528198242188},"rotation":{"x":-0.1467761993408203,"y":-0.0068295737728476528,"z":0.001010699663311243,"w":-0.989159107208252},"size":99.71987915039063,"orthographic":false}