{"cameraMode":{"drawMode":0,"name":"Shaded","section":"Shading Mode"},"sceneLighting":false,"audioPlay":false,"sceneViewState":{"showFog":true,"showMaterialUpdate":false,"showSkybox":false,"showFlares":true,"showImageEffects":true,"showParticleSystems":true},"in2DMode":false,"pivot":{"x":12.579999923706055,"y":3.509999990463257,"z":0.0},"rotation":{"x":-0.058325886726379397,"y":-0.12337315827608109,"z":0.007263317704200745,"w":-0.9906226396560669},"size":20.373361587524415,"orthographic":false}